,constructorId,constructorRef,name,nationality,url,img_urls
0,1,mclaren,McLaren,British,http://en.wikipedia.org/wiki/McLaren,http://upload.wikimedia.org/wikipedia/en/thumb/6/66/McLaren_Racing_logo.svg/220px-McLaren_Racing_logo.svg.png
1,2,bmw_sauber,BMW Sauber,German,http://en.wikipedia.org/wiki/BMW_Sauber,http://upload.wikimedia.org/wikipedia/commons/thumb/4/44/BMW.svg/220px-BMW.svg.png
2,3,williams,Williams,British,http://en.wikipedia.org/wiki/Williams_Grand_Prix_Engineering,http://upload.wikimedia.org/wikipedia/commons/thumb/e/e8/Williams_Racing_2020_logo.png/220px-Williams_Racing_2020_logo.png
3,4,renault,Renault,French,http://en.wikipedia.org/wiki/Renault_in_Formula_One,http://upload.wikimedia.org/wikipedia/en/thumb/1/1d/Renault_F1_Team_logo_2019.svg/220px-Renault_F1_Team_logo_2019.svg.png
4,5,toro_rosso,Toro Rosso,Italian,http://en.wikipedia.org/wiki/Scuderia_Toro_Rosso,http://upload.wikimedia.org/wikipedia/en/thumb/4/4f/Scuderia_Toro_Rosso_logo.svg/250px-Scuderia_Toro_Rosso_logo.svg.png
5,6,ferrari,Ferrari,Italian,http://en.wikipedia.org/wiki/Scuderia_Ferrari,http://upload.wikimedia.org/wikipedia/en/thumb/d/df/Scuderia_Ferrari_HP_logo_24.svg/220px-Scuderia_Ferrari_HP_logo_24.svg.png
6,7,toyota,Toyota,Japanese,http://en.wikipedia.org/wiki/Toyota_Racing,
7,8,super_aguri,Super Aguri,Japanese,http://en.wikipedia.org/wiki/Super_Aguri_F1,http://upload.wikimedia.org/wikipedia/en/thumb/c/c0/SuperAguri_logo.svg/150px-SuperAguri_logo.svg.png
8,9,red_bull,Red Bull,Austrian,http://en.wikipedia.org/wiki/Red_Bull_Racing,http://upload.wikimedia.org/wikipedia/en/4/44/Red_bull_racing.png
9,10,force_india,Force India,Indian,http://en.wikipedia.org/wiki/Racing_Point_Force_India,http://upload.wikimedia.org/wikipedia/en/thumb/3/39/Racing_Point_Force_India_logo.jpg/255px-Racing_Point_Force_India_logo.jpg
10,11,honda,Honda,Japanese,http://en.wikipedia.org/wiki/Honda_Racing_F1,http://upload.wikimedia.org/wikipedia/commons/thumb/7/76/Honda_logo.svg/220px-Honda_logo.svg.png
11,12,spyker,Spyker,Dutch,http://en.wikipedia.org/wiki/Spyker_F1,http://upload.wikimedia.org/wikipedia/en/thumb/5/54/Spyker_F1_Team_logo.png/210px-Spyker_F1_Team_logo.png
12,13,mf1,MF1,Russian,http://en.wikipedia.org/wiki/Midland_F1_Racing,http://upload.wikimedia.org/wikipedia/en/thumb/c/c7/Midland_F1_Racing_logo.png/230px-Midland_F1_Racing_logo.png
13,14,spyker_mf1,Spyker MF1,Dutch,http://en.wikipedia.org/wiki/Midland_F1_Racing,http://upload.wikimedia.org/wikipedia/en/thumb/c/c7/Midland_F1_Racing_logo.png/230px-Midland_F1_Racing_logo.png
14,15,sauber,Sauber,Swiss,http://en.wikipedia.org/wiki/Sauber,http://upload.wikimedia.org/wikipedia/commons/thumb/d/de/2023_Stake_F1_Team_Kick_Sauber_logo.png/220px-2023_Stake_F1_Team_Kick_Sauber_logo.png
15,16,bar,BAR,British,http://en.wikipedia.org/wiki/British_American_Racing,http://upload.wikimedia.org/wikipedia/en/thumb/2/25/British_american_racing_logo.png/220px-British_american_racing_logo.png
16,17,jordan,Jordan,Irish,http://en.wikipedia.org/wiki/Jordan_Grand_Prix,http://upload.wikimedia.org/wikipedia/en/thumb/9/93/Jordan_Grand_Prix_logo.png/200px-Jordan_Grand_Prix_logo.png
17,18,minardi,Minardi,Italian,http://en.wikipedia.org/wiki/Minardi,http://upload.wikimedia.org/wikipedia/commons/thumb/3/3c/Minardi_F1_Team.svg/300px-Minardi_F1_Team.svg.png
18,19,jaguar,Jaguar,British,http://en.wikipedia.org/wiki/Jaguar_Racing,http://upload.wikimedia.org/wikipedia/en/thumb/8/84/Jaguar_TCS_Racing_2021_logo.png/250px-Jaguar_TCS_Racing_2021_logo.png
19,20,prost,Prost,French,http://en.wikipedia.org/wiki/Prost_Grand_Prix,http://upload.wikimedia.org/wikipedia/commons/thumb/d/d1/Prost_Grand_Prix_Formula_One_Logo.png/220px-Prost_Grand_Prix_Formula_One_Logo.png
20,21,arrows,Arrows,British,http://en.wikipedia.org/wiki/Arrows_Grand_Prix_International,http://upload.wikimedia.org/wikipedia/en/thumb/0/03/Flag_of_Italy.svg/23px-Flag_of_Italy.svg.png
21,22,benetton,Benetton,Italian,http://en.wikipedia.org/wiki/Benetton_Formula,http://upload.wikimedia.org/wikipedia/en/thumb/5/54/Benetton_Formula_logo.jpg/210px-Benetton_Formula_logo.jpg
22,23,brawn,Brawn,British,http://en.wikipedia.org/wiki/Brawn_GP,http://upload.wikimedia.org/wikipedia/commons/thumb/2/24/Brawn_GP_logo.svg/220px-Brawn_GP_logo.svg.png
23,24,stewart,Stewart,British,http://en.wikipedia.org/wiki/Stewart_Grand_Prix,http://upload.wikimedia.org/wikipedia/en/0/00/Stewart_logo.png
24,25,tyrrell,Tyrrell,British,http://en.wikipedia.org/wiki/Tyrrell_Racing,http://upload.wikimedia.org/wikipedia/commons/thumb/5/5e/Tyrrell.svg/220px-Tyrrell.svg.png
25,26,lola,Lola,British,http://en.wikipedia.org/wiki/MasterCard_Lola,http://upload.wikimedia.org/wikipedia/en/1/19/MasterCard_Lola_Formula_One_Team_logo.jpg
26,27,ligier,Ligier,French,http://en.wikipedia.org/wiki/Ligier,http://upload.wikimedia.org/wikipedia/commons/thumb/5/50/Ligier2017.png/220px-Ligier2017.png
27,28,forti,Forti,Italian,http://en.wikipedia.org/wiki/Forti,http://upload.wikimedia.org/wikipedia/en/a/a8/Forti_logo.png
28,29,footwork,Footwork,British,http://en.wikipedia.org/wiki/Footwork_Arrows,http://upload.wikimedia.org/wikipedia/en/3/36/Footwork_logo.png
29,30,pacific,Pacific,British,http://en.wikipedia.org/wiki/Pacific_Racing,http://upload.wikimedia.org/wikipedia/en/8/8f/Pacific_Racing_logo.png
30,31,simtek,Simtek,British,http://en.wikipedia.org/wiki/Simtek,http://upload.wikimedia.org/wikipedia/commons/thumb/d/d7/Simtek_logo.svg/150px-Simtek_logo.svg.png
31,32,team_lotus,Team Lotus,British,http://en.wikipedia.org/wiki/Team_Lotus,http://upload.wikimedia.org/wikipedia/commons/9/9e/TeamLotus.jpg
32,33,larrousse,Larrousse,French,http://en.wikipedia.org/wiki/Larrousse,http://upload.wikimedia.org/wikipedia/en/f/f5/Larrousse_logo.png
33,34,brabham,Brabham,British,http://en.wikipedia.org/wiki/Brabham,http://upload.wikimedia.org/wikipedia/en/5/53/Brabham91.png
34,35,dallara,Dallara,Italian,http://en.wikipedia.org/wiki/Dallara,http://upload.wikimedia.org/wikipedia/commons/thumb/6/60/Dallara_logo.svg/220px-Dallara_logo.svg.png
35,36,fondmetal,Fondmetal,Italian,http://en.wikipedia.org/wiki/Fondmetal,http://upload.wikimedia.org/wikipedia/en/a/a8/Fondmetal.png
36,37,march,March,British,http://en.wikipedia.org/wiki/March_Engineering,http://upload.wikimedia.org/wikipedia/en/0/02/March_Engineering.png
37,38,moda,Andrea Moda,Italian,http://en.wikipedia.org/wiki/Andrea_Moda_Formula,http://upload.wikimedia.org/wikipedia/en/1/1b/Andrea_moda.png
38,39,ags,AGS,French,http://en.wikipedia.org/wiki/Automobiles_Gonfaronnaises_Sportives,http://upload.wikimedia.org/wikipedia/en/f/f8/Ags_logo_%28F1%29.png
39,40,lambo,Lambo,Italian,http://en.wikipedia.org/wiki/Modena_(racing_team),http://upload.wikimedia.org/wikipedia/commons/thumb/4/4a/Modena_Racing_Team_F1_car.jpg/220px-Modena_Racing_Team_F1_car.jpg
40,41,leyton,Leyton House,British,http://en.wikipedia.org/wiki/Leyton_House,http://upload.wikimedia.org/wikipedia/en/d/d0/Leyton_house_logo.png
41,42,coloni,Coloni,Italian,http://en.wikipedia.org/wiki/Enzo_Coloni_Racing_Car_Systems,http://upload.wikimedia.org/wikipedia/en/thumb/9/93/Logo_scuderia_coloni.jpg/220px-Logo_scuderia_coloni.jpg
42,44,eurobrun,Euro Brun,Italian,http://en.wikipedia.org/wiki/Euro_Brun,http://upload.wikimedia.org/wikipedia/en/thumb/0/03/Flag_of_Italy.svg/23px-Flag_of_Italy.svg.png
43,45,osella,Osella,Italian,http://en.wikipedia.org/wiki/Osella,http://upload.wikimedia.org/wikipedia/en/thumb/0/06/Osella_emblem.png/90px-Osella_emblem.png
44,46,onyx,Onyx,British,http://en.wikipedia.org/wiki/Onyx_(racing_team),http://upload.wikimedia.org/wikipedia/en/thumb/4/4c/Flag_of_Sweden.svg/23px-Flag_of_Sweden.svg.png
45,47,life,Life,Italian,http://en.wikipedia.org/wiki/Life_(Racing_Team),http://upload.wikimedia.org/wikipedia/en/0/0d/Life_logo_F1.png
46,48,rial,Rial,German,http://en.wikipedia.org/wiki/Rial_%28racing_team%29,http://upload.wikimedia.org/wikipedia/en/thumb/d/d5/Rial_racing_logo.gif/250px-Rial_racing_logo.gif
47,49,zakspeed,Zakspeed,German,http://en.wikipedia.org/wiki/Zakspeed,http://upload.wikimedia.org/wikipedia/en/e/ed/Zakspeed_logo.png
48,50,ram,RAM,British,http://en.wikipedia.org/wiki/RAM_Racing,http://upload.wikimedia.org/wikipedia/en/thumb/b/ba/Flag_of_Germany.svg/23px-Flag_of_Germany.svg.png
49,51,alfa,Alfa Romeo,Swiss,http://en.wikipedia.org/wiki/Alfa_Romeo_in_Formula_One,http://upload.wikimedia.org/wikipedia/commons/thumb/d/d4/Alfa_Romeo_F1_Team_Stake_Logo.svg/220px-Alfa_Romeo_F1_Team_Stake_Logo.svg.png
50,52,spirit,Spirit,British,http://en.wikipedia.org/wiki/Spirit_(racing_team),
51,53,toleman,Toleman,British,http://en.wikipedia.org/wiki/Toleman,http://upload.wikimedia.org/wikipedia/en/3/37/Toleman_logo.png
52,54,ats,ATS,Italian,http://en.wikipedia.org/wiki/ATS_(wheels),http://upload.wikimedia.org/wikipedia/commons/8/81/ATS_logo.gif
53,55,theodore,Theodore,Hong Kong,http://en.wikipedia.org/wiki/Theodore_Racing,http://upload.wikimedia.org/wikipedia/commons/thumb/6/64/Theodore_logo.png/220px-Theodore_logo.png
54,56,fittipaldi,Fittipaldi,Brazilian,http://en.wikipedia.org/wiki/Fittipaldi_%28constructor%29,http://upload.wikimedia.org/wikipedia/commons/thumb/2/2e/Flag_of_Brazil_%281968%E2%80%931992%29.svg/22px-Flag_of_Brazil_%281968%E2%80%931992%29.svg.png
55,57,ensign,Ensign,British,http://en.wikipedia.org/wiki/Ensign_%28racing_team%29,http://upload.wikimedia.org/wikipedia/en/f/f6/Ensign.gif
56,58,shadow,Shadow,British,http://en.wikipedia.org/wiki/Shadow_Racing_Cars,
57,59,wolf,Wolf,Canadian,http://en.wikipedia.org/wiki/Walter_Wolf_Racing,http://upload.wikimedia.org/wikipedia/en/0/03/WalterWolfRacing.png
58,60,merzario,Merzario,Italian,http://en.wikipedia.org/wiki/Merzario,http://upload.wikimedia.org/wikipedia/en/thumb/0/03/Flag_of_Italy.svg/23px-Flag_of_Italy.svg.png
59,61,kauhsen,Kauhsen,German,http://en.wikipedia.org/wiki/Kauhsen,http://upload.wikimedia.org/wikipedia/en/thumb/0/03/Flag_of_Italy.svg/23px-Flag_of_Italy.svg.png
60,62,rebaque,Rebaque,Mexican,http://en.wikipedia.org/wiki/Rebaque,http://upload.wikimedia.org/wikipedia/commons/thumb/b/b5/Hector_Rebaque_Lotus_78.jpg/220px-Hector_Rebaque_Lotus_78.jpg
61,63,surtees,Surtees,British,http://en.wikipedia.org/wiki/Surtees,
62,64,hesketh,Hesketh,British,http://en.wikipedia.org/wiki/Hesketh_Racing,http://upload.wikimedia.org/wikipedia/commons/e/e5/Hesketh.gif
63,65,martini,Martini,French,http://en.wikipedia.org/wiki/Martini_(cars),http://upload.wikimedia.org/wikipedia/en/thumb/c/c3/Flag_of_France.svg/23px-Flag_of_France.svg.png
64,66,brm,BRM,British,http://en.wikipedia.org/wiki/BRM,http://upload.wikimedia.org/wikipedia/en/b/bd/BritishRacingMotorsLogo.png
65,67,penske,Penske,American,http://en.wikipedia.org/wiki/Penske_Racing,http://upload.wikimedia.org/wikipedia/commons/thumb/2/20/Team_Penske_logo.svg/220px-Team_Penske_logo.svg.png
66,68,lec,LEC,British,http://en.wikipedia.org/wiki/LEC_(Formula_One),http://upload.wikimedia.org/wikipedia/en/thumb/a/ae/Flag_of_the_United_Kingdom.svg/23px-Flag_of_the_United_Kingdom.svg.png
67,69,mcguire,McGuire,Australian,http://en.wikipedia.org/wiki/McGuire_(Formula_One),http://upload.wikimedia.org/wikipedia/commons/thumb/8/88/Flag_of_Australia_%28converted%29.svg/23px-Flag_of_Australia_%28converted%29.svg.png
68,70,boro,Boro,Dutch,http://en.wikipedia.org/wiki/Boro_(Formula_One),http://upload.wikimedia.org/wikipedia/en/thumb/c/cf/Boro_logo.png/220px-Boro_logo.png
69,71,apollon,Apollon,Swiss,http://en.wikipedia.org/wiki/Apollon_(Formula_One),http://upload.wikimedia.org/wikipedia/commons/thumb/a/ae/Apollon_logo.gif/100px-Apollon_logo.gif
70,72,kojima,Kojima,Japanese,http://en.wikipedia.org/wiki/Kojima_Engineering,http://upload.wikimedia.org/wikipedia/en/e/ed/KojimaEngineering.png
71,73,parnelli,Parnelli,American,http://en.wikipedia.org/wiki/Parnelli,http://upload.wikimedia.org/wikipedia/en/thumb/a/a4/Flag_of_the_United_States.svg/23px-Flag_of_the_United_States.svg.png
72,74,maki,Maki,Japanese,http://en.wikipedia.org/wiki/Maki_(cars),http://upload.wikimedia.org/wikipedia/commons/thumb/3/33/Maki_Engineering_logo.jpg/220px-Maki_Engineering_logo.jpg
73,75,hill,Embassy Hill,British,http://en.wikipedia.org/wiki/Hill_(constructor),http://upload.wikimedia.org/wikipedia/en/thumb/a/ae/Flag_of_the_United_Kingdom.svg/23px-Flag_of_the_United_Kingdom.svg.png
74,76,lyncar,Lyncar,British,http://en.wikipedia.org/wiki/Lyncar,
75,77,trojan,Trojan,British,http://en.wikipedia.org/wiki/Trojan_(Racing_team),
76,78,amon,Amon,New Zealander,http://en.wikipedia.org/wiki/Amon_(Formula_One_team),http://upload.wikimedia.org/wikipedia/en/f/fc/Amon_%28Formula_One_team%29_%28logo%29.png
77,79,token,Token,British,http://en.wikipedia.org/wiki/Token_(Racing_team),http://upload.wikimedia.org/wikipedia/en/2/2e/Token_F1_Logo.png
78,80,iso_marlboro,Iso Marlboro,British,http://en.wikipedia.org/wiki/Iso_Marlboro,http://upload.wikimedia.org/wikipedia/en/thumb/3/3b/Frank_Williams_Racing_Cars_Historical_logo.jpg/180px-Frank_Williams_Racing_Cars_Historical_logo.jpg
79,81,tecno,Tecno,Italian,http://en.wikipedia.org/wiki/Tecno,
80,82,matra,Matra,French,http://en.wikipedia.org/wiki/Matra,http://upload.wikimedia.org/wikipedia/en/thumb/0/08/Matra_logo.gif/220px-Matra_logo.gif
81,83,politoys,Politoys,British,http://en.wikipedia.org/wiki/Frank_Williams_Racing_Cars,http://upload.wikimedia.org/wikipedia/en/thumb/3/3b/Frank_Williams_Racing_Cars_Historical_logo.jpg/180px-Frank_Williams_Racing_Cars_Historical_logo.jpg
82,84,connew,Connew,British,http://en.wikipedia.org/wiki/Connew,http://upload.wikimedia.org/wikipedia/en/6/66/Connew_%28logo%29.png
83,85,bellasi,Bellasi,Swiss,http://en.wikipedia.org/wiki/Bellasi,
84,86,tomaso,De Tomaso,Italian,http://en.wikipedia.org/wiki/De_Tomaso,http://upload.wikimedia.org/wikipedia/commons/thumb/e/e4/Detomaso_automobili_logo.png/120px-Detomaso_automobili_logo.png
85,87,cooper,Cooper,British,http://en.wikipedia.org/wiki/Cooper_Car_Company,http://upload.wikimedia.org/wikipedia/en/4/47/Cooper_Car_Company.png
86,88,eagle,Eagle,American,http://en.wikipedia.org/wiki/Anglo_American_Racers,http://upload.wikimedia.org/wikipedia/en/thumb/5/55/Anglo_American_Racers_logo.svg/120px-Anglo_American_Racers_logo.svg.png
87,89,lds,LDS,South African,http://en.wikipedia.org/wiki/LDS_(automobile),http://upload.wikimedia.org/wikipedia/en/4/46/LDS_%28car_logo%29.png
88,90,protos,Protos,British,http://en.wikipedia.org/wiki/Protos_(constructor),
89,91,shannon,Shannon,British,http://en.wikipedia.org/wiki/Shannon_(Formula_One),
90,92,scirocco,Scirocco,British,http://en.wikipedia.org/wiki/Scirocco-Powell,http://upload.wikimedia.org/wikipedia/commons/thumb/7/75/Scirocco_02_2018_Silverstone_Classic_%2833154065018%29.jpg/220px-Scirocco_02_2018_Silverstone_Classic_%2833154065018%29.jpg
91,93,re,RE,Rhodesian,http://en.wikipedia.org/wiki/RE_%28automobile%29,http://upload.wikimedia.org/wikipedia/commons/thumb/f/f2/Flag_of_Rhodesia_%281964%E2%80%931968%29.svg/23px-Flag_of_Rhodesia_%281964%E2%80%931968%29.svg.png
92,94,brp,BRP,British,http://en.wikipedia.org/wiki/British_Racing_Partnership,http://upload.wikimedia.org/wikipedia/commons/3/38/British_Racing_Partnership_logo.png
93,95,porsche,Porsche,German,http://en.wikipedia.org/wiki/Porsche_in_Formula_One,
94,96,derrington,Derrington,British,http://en.wikipedia.org/wiki/Derrington-Francis,http://upload.wikimedia.org/wikipedia/commons/thumb/5/5c/Flag_of_Portugal.svg/23px-Flag_of_Portugal.svg.png
95,97,gilby,Gilby,British,http://en.wikipedia.org/wiki/Gilby,
96,98,stebro,Stebro,Canadian,http://en.wikipedia.org/wiki/Stebro,
97,99,emeryson,Emeryson,British,http://en.wikipedia.org/wiki/Emeryson,
98,100,enb,ENB,Belgian,http://en.wikipedia.org/wiki/Ecurie_Nationale_Belge,http://upload.wikimedia.org/wikipedia/commons/thumb/9/92/Flag_of_Belgium_%28civil%29.svg/23px-Flag_of_Belgium_%28civil%29.svg.png
99,101,jbw,JBW,British,http://en.wikipedia.org/wiki/JBW,
100,102,ferguson,Ferguson,British,http://en.wikipedia.org/wiki/Ferguson_Research_Ltd.,
101,103,mbm,MBM,Swiss,http://en.wikipedia.org/wiki/Monteverdi_Basel_Motors,http://upload.wikimedia.org/wikipedia/en/d/df/Monteverdi.png
102,104,behra-porsche,Behra-Porsche,Italian,http://en.wikipedia.org/wiki/Behra-Porsche,
103,105,maserati,Maserati,Italian,http://en.wikipedia.org/wiki/Maserati,http://upload.wikimedia.org/wikipedia/commons/thumb/7/78/Maserati_logo_2.svg/220px-Maserati_logo_2.svg.png
104,106,scarab,Scarab,American,http://en.wikipedia.org/wiki/Scarab_(constructor),
105,107,watson,Watson,American,http://en.wikipedia.org/wiki/A.J._Watson,
106,108,epperly,Epperly,American,http://en.wikipedia.org/wiki/Epperly,
107,109,phillips,Phillips,American,http://en.wikipedia.org/wiki/Phillips_(constructor),
108,110,lesovsky,Lesovsky,American,http://en.wikipedia.org/wiki/Lesovsky,
109,111,trevis,Trevis,American,http://en.wikipedia.org/wiki/Trevis,
110,112,meskowski,Meskowski,American,http://en.wikipedia.org/wiki/Meskowski,
111,113,kurtis_kraft,Kurtis Kraft,American,http://en.wikipedia.org/wiki/Kurtis_Kraft,
112,114,kuzma,Kuzma,American,http://en.wikipedia.org/wiki/Kuzma_(constructor),http://upload.wikimedia.org/wikipedia/commons/thumb/c/c8/Kuzma-Offy_sprint_car.jpg/220px-Kuzma-Offy_sprint_car.jpg
113,115,vhristensen,Christensen,American,http://en.wikipedia.org/wiki/Christensen_(constructor),
114,116,ewing,Ewing,American,http://en.wikipedia.org/wiki/Ewing_(constructor),http://upload.wikimedia.org/wikipedia/en/thumb/1/11/A_J_Watson_Wayne_Ewing.jpg/220px-A_J_Watson_Wayne_Ewing.jpg
115,117,aston_martin,Aston Martin,British,http://en.wikipedia.org/wiki/Aston_Martin_in_Formula_One,http://upload.wikimedia.org/wikipedia/en/thumb/1/15/Aston_Martin_Aramco_2024_logo.png/200px-Aston_Martin_Aramco_2024_logo.png
116,118,vanwall,Vanwall,British,http://en.wikipedia.org/wiki/Vanwall,http://upload.wikimedia.org/wikipedia/en/thumb/5/58/Vanwall_logo.jpg/250px-Vanwall_logo.jpg
117,119,moore,Moore,American,http://en.wikipedia.org/wiki/Moore_(constructor),
118,120,dunn,Dunn,American,http://en.wikipedia.org/wiki/Dunn_Engineering,
119,121,elder,Elder,American,http://en.wikipedia.org/wiki/Elder_(constructor),
120,122,sutton,Sutton,American,http://en.wikipedia.org/wiki/Sutton_(constructor),
121,123,fry,Fry,British,http://en.wikipedia.org/wiki/Fry_(racing_team),
122,124,tec-mec,Tec-Mec,Italian,http://en.wikipedia.org/wiki/Tec-Mec,http://upload.wikimedia.org/wikipedia/en/thumb/0/05/Flag_of_Brazil.svg/22px-Flag_of_Brazil.svg.png
123,125,connaught,Connaught,British,http://en.wikipedia.org/wiki/Connaught_Engineering,http://upload.wikimedia.org/wikipedia/en/e/ec/Connaught_Engineering.png
124,126,alta,Alta,British,http://en.wikipedia.org/wiki/Alta_auto_racing_team,http://upload.wikimedia.org/wikipedia/en/thumb/a/ae/Flag_of_the_United_Kingdom.svg/23px-Flag_of_the_United_Kingdom.svg.png
125,127,osca,OSCA,Italian,http://en.wikipedia.org/wiki/Officine_Specializate_Costruzione_Automobili,http://upload.wikimedia.org/wikipedia/commons/thumb/8/83/OSCA_badge_-_Flickr_-_exfordy.jpg/220px-OSCA_badge_-_Flickr_-_exfordy.jpg
126,128,gordini,Gordini,French,http://en.wikipedia.org/wiki/Gordini,http://upload.wikimedia.org/wikipedia/en/thumb/5/53/Logo_of_Gordini.svg/240px-Logo_of_Gordini.svg.png
127,129,stevens,Stevens,American,http://en.wikipedia.org/wiki/Stevens_(constructor),
128,130,bugatti,Bugatti,French,http://en.wikipedia.org/wiki/Bugatti,http://upload.wikimedia.org/wikipedia/commons/thumb/6/60/Bugatti_logo.svg/220px-Bugatti_logo.svg.png
129,131,mercedes,Mercedes,German,http://en.wikipedia.org/wiki/Mercedes-Benz_in_Formula_One,http://upload.wikimedia.org/wikipedia/commons/thumb/2/21/Mercedes-Benz_in_Formula_One_logo.svg/220px-Mercedes-Benz_in_Formula_One_logo.svg.png
130,132,lancia,Lancia,Italian,http://en.wikipedia.org/wiki/Lancia_in_Formula_One,
131,133,hwm,HWM,British,http://en.wikipedia.org/wiki/Hersham_and_Walton_Motors,
132,134,schroeder,Schroeder,American,http://en.wikipedia.org/wiki/Schroeder_(constructor),http://upload.wikimedia.org/wikipedia/en/1/10/Gordon_Schroeder_-_motorsport.jpg
133,135,pawl,Pawl,American,http://en.wikipedia.org/wiki/Pawl_(constructor),
134,136,pankratz,Pankratz,American,http://en.wikipedia.org/wiki/Pankratz,
135,137,arzani-volpini,Arzani-Volpini,Italian,http://en.wikipedia.org/wiki/Arzani-Volpini,http://upload.wikimedia.org/wikipedia/en/thumb/0/03/Flag_of_Italy.svg/23px-Flag_of_Italy.svg.png
136,138,nichels,Nichels,American,http://en.wikipedia.org/wiki/Nichels,
137,139,bromme,Bromme,American,http://en.wikipedia.org/wiki/Bromme,
138,140,klenk,Klenk,German,http://en.wikipedia.org/wiki/Klenk,http://upload.wikimedia.org/wikipedia/en/thumb/b/ba/Flag_of_Germany.svg/23px-Flag_of_Germany.svg.png
139,141,simca,Simca,French,http://en.wikipedia.org/wiki/Simca,http://upload.wikimedia.org/wikipedia/commons/thumb/6/64/Simca_logo_1970.svg/220px-Simca_logo_1970.svg.png
140,142,turner,Turner,American,http://en.wikipedia.org/wiki/Turner_(constructor),
141,143,del_roy,Del Roy,American,http://en.wikipedia.org/wiki/Del_Roy,
142,144,veritas,Veritas,German,http://en.wikipedia.org/wiki/Veritas_(constructor),http://upload.wikimedia.org/wikipedia/commons/thumb/1/17/Veritas_logo.png/220px-Veritas_logo.png
143,145,bmw,BMW,German,http://en.wikipedia.org/wiki/BMW,http://upload.wikimedia.org/wikipedia/commons/thumb/7/73/Logo_BMW_Group_2021.svg/200px-Logo_BMW_Group_2021.svg.png
144,146,emw,EMW,East German,http://en.wikipedia.org/wiki/Eisenacher_Motorenwerk,http://upload.wikimedia.org/wikipedia/commons/thumb/1/1d/Eisenacher_Motorenwerk.svg/150px-Eisenacher_Motorenwerk.svg.png
145,147,afm,AFM,German,http://en.wikipedia.org/wiki/Alex_von_Falkenhausen_Motorenbau,http://upload.wikimedia.org/wikipedia/commons/d/d0/Alex_von_Falkenhausen_Motorenbau_logo.png
146,148,frazer_nash,Frazer Nash,British,http://en.wikipedia.org/wiki/Frazer_Nash,
147,149,sherman,Sherman,American,http://en.wikipedia.org/wiki/Sherman_(constructor),
148,150,deidt,Deidt,American,http://en.wikipedia.org/wiki/Deidt,http://upload.wikimedia.org/wikipedia/commons/thumb/3/30/Indy500WinningCar19471948.JPG/220px-Indy500WinningCar19471948.JPG
149,151,era,ERA,British,http://en.wikipedia.org/wiki/English_Racing_Automobiles,
150,152,butterworth,Aston Butterworth,British,http://en.wikipedia.org/wiki/Aston_Butterworth,http://upload.wikimedia.org/wikipedia/en/thumb/a/ae/Flag_of_the_United_Kingdom.svg/23px-Flag_of_the_United_Kingdom.svg.png
151,153,cisitalia,Cisitalia,Italian,http://en.wikipedia.org/wiki/Cisitalia,http://upload.wikimedia.org/wikipedia/commons/thumb/f/f0/Emblem_Cisitalia.JPG/220px-Emblem_Cisitalia.JPG
152,154,lago,Talbot-Lago,French,http://en.wikipedia.org/wiki/Talbot-Lago,http://upload.wikimedia.org/wikipedia/commons/thumb/3/3a/Talbot_brand_logo_1954.png/150px-Talbot_brand_logo_1954.png
153,155,hall,Hall,American,http://en.wikipedia.org/wiki/Hall_(constructor),
154,156,marchese,Marchese,American,http://en.wikipedia.org/wiki/Marchese_(constructor),
155,157,langley,Langley,American,http://en.wikipedia.org/wiki/Langley_(constructor),
156,158,rae,Rae,American,http://en.wikipedia.org/wiki/Rae_(motorsport),
157,159,olson,Olson,American,http://en.wikipedia.org/wiki/Olson_(constructor),
158,160,wetteroth,Wetteroth,American,http://en.wikipedia.org/wiki/Wetteroth,
159,161,adams,Adams,American,http://en.wikipedia.org/wiki/Adams_(constructor),
160,162,snowberger,Snowberger,American,http://en.wikipedia.org/wiki/Snowberger,
161,163,milano,Milano,Italian,http://en.wikipedia.org/wiki/Scuderia_Milano,http://upload.wikimedia.org/wikipedia/en/thumb/0/03/Flag_of_Italy.svg/23px-Flag_of_Italy.svg.png
162,164,hrt,HRT,Spanish,http://en.wikipedia.org/wiki/Hispania_Racing,http://upload.wikimedia.org/wikipedia/commons/thumb/8/8d/HRT_F1_TEAM_2012.svg/220px-HRT_F1_TEAM_2012.svg.png
163,167,cooper-maserati,Cooper-Maserati,British,http://en.wikipedia.org/wiki/Cooper_Car_Company,http://upload.wikimedia.org/wikipedia/en/4/47/Cooper_Car_Company.png
164,166,virgin,Virgin,British,http://en.wikipedia.org/wiki/Virgin_Racing,http://upload.wikimedia.org/wikipedia/en/thumb/8/8d/Virgin_Racing_logo.png/220px-Virgin_Racing_logo.png
165,168,cooper-osca,Cooper-OSCA,British,http://en.wikipedia.org/wiki/Cooper_Car_Company,http://upload.wikimedia.org/wikipedia/en/4/47/Cooper_Car_Company.png
166,169,cooper-borgward,Cooper-Borgward,British,http://en.wikipedia.org/wiki/Cooper_Car_Company,http://upload.wikimedia.org/wikipedia/en/4/47/Cooper_Car_Company.png
167,170,cooper-climax,Cooper-Climax,British,http://en.wikipedia.org/wiki/Cooper_Car_Company,http://upload.wikimedia.org/wikipedia/en/4/47/Cooper_Car_Company.png
168,171,cooper-castellotti,Cooper-Castellotti,British,http://en.wikipedia.org/wiki/Cooper_Car_Company,http://upload.wikimedia.org/wikipedia/en/4/47/Cooper_Car_Company.png
169,172,lotus-climax,Lotus-Climax,British,http://en.wikipedia.org/wiki/Team_Lotus,http://upload.wikimedia.org/wikipedia/commons/9/9e/TeamLotus.jpg
170,173,lotus-maserati,Lotus-Maserati,British,http://en.wikipedia.org/wiki/Team_Lotus,http://upload.wikimedia.org/wikipedia/commons/9/9e/TeamLotus.jpg
171,174,de_tomaso-osca,De Tomaso-Osca,Italian,http://en.wikipedia.org/wiki/De_Tomaso,http://upload.wikimedia.org/wikipedia/commons/thumb/e/e4/Detomaso_automobili_logo.png/120px-Detomaso_automobili_logo.png
172,175,de_tomaso-alfa_romeo,De Tomaso-Alfa Romeo,Italian,http://en.wikipedia.org/wiki/De_Tomaso,http://upload.wikimedia.org/wikipedia/commons/thumb/e/e4/Detomaso_automobili_logo.png/120px-Detomaso_automobili_logo.png
173,176,lotus-brm,Lotus-BRM,British,http://en.wikipedia.org/wiki/Team_Lotus,http://upload.wikimedia.org/wikipedia/commons/9/9e/TeamLotus.jpg
174,177,lotus-borgward,Lotus-Borgward,British,http://en.wikipedia.org/wiki/Team_Lotus,http://upload.wikimedia.org/wikipedia/commons/9/9e/TeamLotus.jpg
175,178,cooper-alfa_romeo,Cooper-Alfa Romeo,British,http://en.wikipedia.org/wiki/Cooper_Car_Company,http://upload.wikimedia.org/wikipedia/en/4/47/Cooper_Car_Company.png
176,179,de_tomaso-ferrari,De Tomaso-Ferrari,Italian,http://en.wikipedia.org/wiki/De_Tomaso,http://upload.wikimedia.org/wikipedia/commons/thumb/e/e4/Detomaso_automobili_logo.png/120px-Detomaso_automobili_logo.png
177,180,lotus-ford,Lotus-Ford,British,http://en.wikipedia.org/wiki/Team_Lotus,http://upload.wikimedia.org/wikipedia/commons/9/9e/TeamLotus.jpg
178,181,brabham-brm,Brabham-BRM,British,http://en.wikipedia.org/wiki/Brabham,http://upload.wikimedia.org/wikipedia/en/5/53/Brabham91.png
179,182,brabham-ford,Brabham-Ford,British,http://en.wikipedia.org/wiki/Brabham,http://upload.wikimedia.org/wikipedia/en/5/53/Brabham91.png
180,183,brabham-climax,Brabham-Climax,British,http://en.wikipedia.org/wiki/Brabham,http://upload.wikimedia.org/wikipedia/en/5/53/Brabham91.png
181,184,lds-climax,LDS-Climax,South African,http://en.wikipedia.org/wiki/LDS_(automobile),http://upload.wikimedia.org/wikipedia/en/4/46/LDS_%28car_logo%29.png
182,185,lds-alfa_romeo,LDS-Alfa Romeo,South African,http://en.wikipedia.org/wiki/LDS_(automobile),http://upload.wikimedia.org/wikipedia/en/4/46/LDS_%28car_logo%29.png
183,186,cooper-ford,Cooper-Ford,British,http://en.wikipedia.org/wiki/Cooper_Car_Company,http://upload.wikimedia.org/wikipedia/en/4/47/Cooper_Car_Company.png
184,187,mclaren-ford,McLaren-Ford,British,http://en.wikipedia.org/wiki/Team_McLaren,http://upload.wikimedia.org/wikipedia/en/thumb/6/66/McLaren_Racing_logo.svg/220px-McLaren_Racing_logo.svg.png
185,188,mclaren-seren,McLaren-Serenissima,British,http://en.wikipedia.org/wiki/Team_McLaren,http://upload.wikimedia.org/wikipedia/en/thumb/6/66/McLaren_Racing_logo.svg/220px-McLaren_Racing_logo.svg.png
186,189,eagle-climax,Eagle-Climax,American,http://en.wikipedia.org/wiki/Anglo_American_Racers,http://upload.wikimedia.org/wikipedia/en/thumb/5/55/Anglo_American_Racers_logo.svg/120px-Anglo_American_Racers_logo.svg.png
187,190,eagle-weslake,Eagle-Weslake,American,http://en.wikipedia.org/wiki/Anglo_American_Racers,http://upload.wikimedia.org/wikipedia/en/thumb/5/55/Anglo_American_Racers_logo.svg/120px-Anglo_American_Racers_logo.svg.png
188,191,brabham-repco,Brabham-Repco,British,http://en.wikipedia.org/wiki/Brabham,http://upload.wikimedia.org/wikipedia/en/5/53/Brabham91.png
189,192,cooper-ferrari,Cooper-Ferrari,British,http://en.wikipedia.org/wiki/Cooper_Car_Company,http://upload.wikimedia.org/wikipedia/en/4/47/Cooper_Car_Company.png
190,193,cooper-ats,Cooper-ATS,British,http://en.wikipedia.org/wiki/Cooper_Car_Company,http://upload.wikimedia.org/wikipedia/en/4/47/Cooper_Car_Company.png
191,194,mclaren-brm,McLaren-BRM,British,http://en.wikipedia.org/wiki/McLaren_(racing),http://upload.wikimedia.org/wikipedia/en/thumb/6/66/McLaren_Racing_logo.svg/220px-McLaren_Racing_logo.svg.png
192,195,cooper-brm,Cooper-BRM,British,http://en.wikipedia.org/wiki/Cooper_Car_Company,http://upload.wikimedia.org/wikipedia/en/4/47/Cooper_Car_Company.png
193,196,matra-ford,Matra-Ford,French,http://en.wikipedia.org/wiki/Matra,http://upload.wikimedia.org/wikipedia/en/thumb/0/08/Matra_logo.gif/220px-Matra_logo.gif
194,197,brm-ford,BRM-Ford,British,http://en.wikipedia.org/wiki/BRM,http://upload.wikimedia.org/wikipedia/en/b/bd/BritishRacingMotorsLogo.png
195,198,mclaren-alfa_romeo,McLaren-Alfa Romeo,British,http://en.wikipedia.org/wiki/McLaren_(racing),http://upload.wikimedia.org/wikipedia/en/thumb/6/66/McLaren_Racing_logo.svg/220px-McLaren_Racing_logo.svg.png
196,199,march-alfa_romeo,March-Alfa Romeo,British,http://en.wikipedia.org/wiki/March_Engineering,http://upload.wikimedia.org/wikipedia/en/0/02/March_Engineering.png
197,200,march-ford,March-Ford,British,http://en.wikipedia.org/wiki/March_Engineering,http://upload.wikimedia.org/wikipedia/en/0/02/March_Engineering.png
198,201,lotus-pw,Lotus-Pratt &amp; Whitney,British,http://en.wikipedia.org/wiki/Team_Lotus,http://upload.wikimedia.org/wikipedia/commons/9/9e/TeamLotus.jpg
199,202,shadow-ford,Shadow-Ford,British,http://en.wikipedia.org/wiki/Shadow_Racing_Cars,
200,203,shadow-matra,Shadow-Matra,British,http://en.wikipedia.org/wiki/Shadow_Racing_Cars,
201,204,brabham-alfa_romeo,Brabham-Alfa Romeo,British,http://en.wikipedia.org/wiki/Brabham,http://upload.wikimedia.org/wikipedia/en/5/53/Brabham91.png
202,205,lotus_racing,Lotus,Malaysian,http://en.wikipedia.org/wiki/Lotus_Racing,
203,206,marussia,Marussia,Russian,http://en.wikipedia.org/wiki/Marussia_F1,http://upload.wikimedia.org/wikipedia/en/thumb/7/71/Marussia_F1.png/220px-Marussia_F1.png
204,207,caterham,Caterham,Malaysian,http://en.wikipedia.org/wiki/Caterham_F1,http://upload.wikimedia.org/wikipedia/en/thumb/6/61/Caterham_F1_Team_logo.svg/220px-Caterham_F1_Team_logo.svg.png
205,208,lotus_f1,Lotus F1,British,http://en.wikipedia.org/wiki/Lotus_F1,http://upload.wikimedia.org/wikipedia/en/f/f8/Lotus_F1_Team_logo.png
206,209,manor,Manor Marussia,British,http://en.wikipedia.org/wiki/Manor_Motorsport,http://upload.wikimedia.org/wikipedia/en/thumb/d/df/Manor_Motorsport_logo.png/150px-Manor_Motorsport_logo.png
207,210,haas,Haas F1 Team,American,http://en.wikipedia.org/wiki/Haas_F1_Team,http://upload.wikimedia.org/wikipedia/commons/thumb/9/92/MoneyGram_Haas_F1_Team_Logo.svg/220px-MoneyGram_Haas_F1_Team_Logo.svg.png
208,211,racing_point,Racing Point,British,http://en.wikipedia.org/wiki/Racing_Point_F1_Team,http://upload.wikimedia.org/wikipedia/commons/thumb/4/48/BWT_Racing_Point_Logo.svg/220px-BWT_Racing_Point_Logo.svg.png
209,213,alphatauri,AlphaTauri,Italian,http://en.wikipedia.org/wiki/Scuderia_AlphaTauri,http://upload.wikimedia.org/wikipedia/en/thumb/0/09/Scuderia_Alpha-Tauri.svg/220px-Scuderia_Alpha-Tauri.svg.png
210,214,alpine,Alpine F1 Team,French,http://en.wikipedia.org/wiki/Alpine_F1_Team,http://upload.wikimedia.org/wikipedia/commons/thumb/2/24/Logo_of_alpine_f1_team_2022.png/220px-Logo_of_alpine_f1_team_2022.png
